Time (%),Total Time (ns),Instances,Avg (ns),Med (ns),Min (ns),Max (ns),StdDev (ns),Style,Range
33.7,3310673274,1,3310673274.0,3310673274.0,3310673274,3310673274,0.0,PushPop,:measured_workload
33.5,3296705002,76,43377697.4,41433211.5,36553983,65518672,5962675.4,PushPop,:model_call
31.9,3138156538,76,41291533.4,39543441.5,34822441,63682297,5865193.0,PushPop,:run_model
0.3,33166365,76,436399.5,417368.0,378583,1002704,82206.9,PushPop,:sample
0.3,26111206,60,435186.8,327385.0,279394,1600787,269878.8,PushPop,:prepare_decode
0.1,10355317,16,647207.3,426734.0,357102,3645437,803855.6,PushPop,:prepare_prefill
0.1,6664592,76,87692.0,83298.5,44671,221143,33564.7,PushPop,:schedule
0.0,4785950,76,62973.0,49957.5,40020,152466,27736.8,PushPop,:prepare_sample
0.0,2044549,76,26902.0,14726.0,10939,170526,26640.0,PushPop,:postprocess
